{
    "uuid": "3237a2e9-ab48-48b0-8f7e-fa441d79b0a8",
    "model": "allegrolab/hubble-1b-100b_toks-standard-hf",
    "creation_date": "2025_09_14-02_49_26",
    "name": "eval/heavy",
    "eval_metrics": {
        "icl": {
            "mmlu_zeroshot": 0.24841556632727907,
            "hellaswag_zeroshot": 0.5668193697929382,
            "jeopardy": 0.2459949493408203,
            "triviaqa_sm_sub": 0.21199999749660492,
            "gsm8k_cot": 0.006065201014280319,
            "agi_eval_sat_math_cot": 0.013636363670229912,
            "aqua_cot": 0.0,
            "svamp_cot": 0.05666666850447655,
            "bigbench_qa_wikidata": 0.598100483417511,
            "arc_easy": 0.6531986594200134,
            "arc_challenge": 0.35238906741142273,
            "mmlu_fewshot": 0.24887217032281975,
            "bigbench_misconceptions": 0.44748857617378235,
            "copa": 0.6200000047683716,
            "siqa": 0.4744114577770233,
            "commonsense_qa": 0.3472563326358795,
            "piqa": 0.7404787540435791,
            "openbook_qa": 0.36800000071525574,
            "bigbench_novel_concepts": 0.4375,
            "bigbench_strange_stories": 0.5632184147834778,
            "bigbench_strategy_qa": 0.5430318713188171,
            "lambada_openai": 0.587618887424469,
            "hellaswag": 0.5704042911529541,
            "winograd": 0.7838827967643738,
            "winogrande": 0.5864246487617493,
            "bigbench_conlang_translation": 0.018292682245373726,
            "bigbench_language_identification": 0.25529998540878296,
            "bigbench_conceptual_combinations": 0.3009708821773529,
            "bigbench_elementary_math_qa": 0.2502358555793762,
            "bigbench_dyck_languages": 0.1860000044107437,
            "agi_eval_lsat_ar": 0.24347825348377228,
            "bigbench_cs_algorithms": 0.44924241304397583,
            "bigbench_logical_deduction": 0.2613333463668823,
            "bigbench_operators": 0.20476190745830536,
            "bigbench_repeat_copy_logic": 0.03125,
            "simple_arithmetic_nospaces": 0.0020000000949949026,
            "simple_arithmetic_withspaces": 0.0010000000474974513,
            "math_qa": 0.24371437728405,
            "logi_qa": 0.2611367106437683,
            "pubmed_qa_labeled": 0.5199999809265137,
            "squad": 0.3176915943622589,
            "agi_eval_lsat_rc": 0.2761194109916687,
            "agi_eval_lsat_lr": 0.2137254923582077,
            "coqa": 0.2569209635257721,
            "bigbench_understanding_fables": 0.2698412835597992,
            "boolq": 0.5,
            "agi_eval_sat_en": 0.2572815418243408,
            "winogender_mc_female": 0.4000000059604645,
            "winogender_mc_male": 0.5166666507720947,
            "enterprise_pii_classification": 0.5340206027030945,
            "bbq": 0.4666938944296403,
            "gpqa_main": 0.2232142835855484,
            "gpqa_diamond": 0.1515151560306549
        }
    },
    "missing tasks": "[]",
    "aggregated_task_categories_centered": {
        "commonsense reasoning": 0.14953017031377686,
        "language understanding": 0.2699872017919146,
        "reading comprehension": 0.1001808379302945,
        "safety": -0.041309423067352996,
        "symbolic problem solving": 0.06845629452986436,
        "world knowledge": 0.14545457867328188
    },
    "aggregated_centered_results": 0.1221460036358351,
    "aggregated_results": 0.33743927947760494,
    "rw_small": 0.5464719583590826,
    "rw_small_centered": 0.19893377147919952,
    "95%_CI_above": 0.4383309758619055,
    "95%_CI_above_centered": 0.22969257049809194,
    "99%_CI_above": 0.4462579985027728,
    "99%_CI_above_centered": 0.26914863201960754,
    "low_variance_datasets": 0.4302369712428613,
    "low_variance_datasets_centered": 0.25497472715136277,
    "Core_v2": 0.25497472715136277,
    "Extended_v2": 0.1221460036358351,
    "eval_version": "v2",
    "Core": 0.25497472715136277,
    "Extended": 0.1221460036358351
}