{
    "uuid": "894e0fb3-3dca-4064-8b00-c3649c910d7c",
    "model": "allegrolab/hubble-1b-500b_toks-standard-hf",
    "creation_date": "2025_09_13-10_24_55",
    "name": "eval/heavy",
    "eval_metrics": {
        "icl": {
            "mmlu_zeroshot": 0.2424484716172804,
            "hellaswag_zeroshot": 0.6397132277488708,
            "jeopardy": 0.35046561658382414,
            "triviaqa_sm_sub": 0.320333331823349,
            "gsm8k_cot": 0.010614101774990559,
            "agi_eval_sat_math_cot": 0.022727273404598236,
            "aqua_cot": 0.004081632476300001,
            "svamp_cot": 0.0533333346247673,
            "bigbench_qa_wikidata": 0.6559716463088989,
            "arc_easy": 0.6965488195419312,
            "arc_challenge": 0.3813993036746979,
            "mmlu_fewshot": 0.2573535601820862,
            "bigbench_misconceptions": 0.4794520437717438,
            "copa": 0.7900000214576721,
            "siqa": 0.5107471942901611,
            "commonsense_qa": 0.29565930366516113,
            "piqa": 0.7595212459564209,
            "openbook_qa": 0.3880000114440918,
            "bigbench_novel_concepts": 0.5,
            "bigbench_strange_stories": 0.5632184147834778,
            "bigbench_strategy_qa": 0.5211883187294006,
            "lambada_openai": 0.6386570930480957,
            "hellaswag": 0.6468830704689026,
            "winograd": 0.8205128312110901,
            "winogrande": 0.6243094205856323,
            "bigbench_conlang_translation": 0.030487805604934692,
            "bigbench_language_identification": 0.25529998540878296,
            "bigbench_conceptual_combinations": 0.2330097109079361,
            "bigbench_elementary_math_qa": 0.24562369287014008,
            "bigbench_dyck_languages": 0.13099999725818634,
            "agi_eval_lsat_ar": 0.2347826063632965,
            "bigbench_cs_algorithms": 0.4522727131843567,
            "bigbench_logical_deduction": 0.23399999737739563,
            "bigbench_operators": 0.20476190745830536,
            "bigbench_repeat_copy_logic": 0.03125,
            "simple_arithmetic_nospaces": 0.014000000432133675,
            "simple_arithmetic_withspaces": 0.017999999225139618,
            "math_qa": 0.2527656853199005,
            "logi_qa": 0.26574501395225525,
            "pubmed_qa_labeled": 0.5090000033378601,
            "squad": 0.3768211901187897,
            "agi_eval_lsat_rc": 0.21641790866851807,
            "agi_eval_lsat_lr": 0.25294119119644165,
            "coqa": 0.3243141770362854,
            "bigbench_understanding_fables": 0.25925925374031067,
            "boolq": 0.6253822445869446,
            "agi_eval_sat_en": 0.24757280945777893,
            "winogender_mc_female": 0.44999998807907104,
            "winogender_mc_male": 0.4833333194255829,
            "enterprise_pii_classification": 0.554344654083252,
            "bbq": 0.47837780009616504,
            "gpqa_main": 0.2299107164144516,
            "gpqa_diamond": 0.19696970283985138
        }
    },
    "missing tasks": "[]",
    "aggregated_task_categories_centered": {
        "commonsense reasoning": 0.20336044720768728,
        "language understanding": 0.3087361860297509,
        "reading comprehension": 0.149069257015199,
        "safety": -0.016972119157964538,
        "symbolic problem solving": 0.06543554314929578,
        "world knowledge": 0.19585154479532912
    },
    "aggregated_centered_results": 0.15399032529399942,
    "aggregated_results": 0.3581279879927832,
    "rw_small": 0.6262255062659582,
    "rw_small_centered": 0.35549963670864443,
    "95%_CI_above": 0.4689247124574401,
    "95%_CI_above_centered": 0.27850194098220554,
    "99%_CI_above": 0.4839813523966333,
    "99%_CI_above_centered": 0.3299720456561519,
    "low_variance_datasets": 0.46925120150501076,
    "low_variance_datasets_centered": 0.3172151993544927,
    "Core_v2": 0.3172151993544927,
    "Extended_v2": 0.15399032529399942,
    "eval_version": "v2",
    "Core_v1": 0.3172151993544927,
    "Extended_v1": 0.15399032529399942,
    "Core": 0.3172151993544927,
    "Extended": 0.15399032529399942
}